SAL_CODE_2021,suburb_locality,census_year,area_sqkm,total_population,population_density_per_sqkm,median_age_persons,median_personal_income_weekly_aud,median_family_income_weekly_aud,median_household_income_weekly_aud,median_mortgage_repayment_monthly_aud,median_rent_weekly_aud,average_persons_per_bedroom,average_household_size,total_households_income_table,known_income_households,pct_households_income_below_1000_weekly,pct_households_income_2000plus_weekly,one_person_households,total_households_size_table,pct_one_person_households,in_realestate_sample_suburbs,source
SAL70003,Alawa,2021,1.2399,2078,1675.9416081942093,35,915,2186,2083,1777,340,0.9,2.8,679,612,0.24509803921568626,0.5130718954248366,118,679,0.17378497790868924,True,"ABS 2021 Census General Community Profile DataPack, SAL geography, Northern Territory"
SAL70014,Anula,2021,1.3178,2385,1809.834572772803,37,1034,2492,2269,2000,400,0.9,2.9,760,687,0.18340611353711792,0.5676855895196506,125,760,0.16447368421052633,True,"ABS 2021 Census General Community Profile DataPack, SAL geography, Northern Territory"
SAL70022,Bakewell,2021,1.3185,3091,2344.3306788016685,32,1104,2205,1955,1742,380,0.9,2.5,1140,1040,0.175,0.4798076923076923,297,1140,0.26052631578947366,True,"ABS 2021 Census General Community Profile DataPack, SAL geography, Northern Territory"
SAL70025,Bayview (NT),2021,1.3195,1702,1289.8825312618417,34,1533,3494,3312,2700,560,0.8,2.7,590,524,0.06297709923664122,0.7767175572519084,95,590,0.16101694915254236,True,"ABS 2021 Census General Community Profile DataPack, SAL geography, Northern Territory"
SAL70026,Bees Creek,2021,18.5136,803,43.373520006913836,41,1046,2550,2258,2351,408,0.9,2.9,263,223,0.15246636771300448,0.5695067264573991,44,263,0.16730038022813687,True,"ABS 2021 Census General Community Profile DataPack, SAL geography, Northern Territory"
SAL70027,Bellamack,2021,1.2862,2423,1883.8438812004354,29,1170,2586,2331,2400,360,0.9,2.9,759,648,0.1712962962962963,0.6157407407407407,135,759,0.17786561264822134,True,"ABS 2021 Census General Community Profile DataPack, SAL geography, Northern Territory"
SAL70029,Berrimah,2021,10.4349,1199,114.90287400933406,32,977,2424,2193,2535,400,1.0,2.8,299,272,0.21323529411764705,0.5808823529411765,62,299,0.20735785953177258,True,"ABS 2021 Census General Community Profile DataPack, SAL geography, Northern Territory"
SAL70030,Berry Springs,2021,86.3366,870,10.076838791427969,38,1048,2447,2183,2167,300,1.0,2.8,269,225,0.2222222222222222,0.5911111111111111,55,269,0.20446096654275092,True,"ABS 2021 Census General Community Profile DataPack, SAL geography, Northern Territory"
SAL70040,Brinkin,2021,1.4248,1117,783.9696799550813,34,1093,2806,2274,1593,360,0.9,2.5,364,328,0.12804878048780488,0.5884146341463414,98,364,0.2692307692307692,True,"ABS 2021 Census General Community Profile DataPack, SAL geography, Northern Territory"
SAL70059,Coconut Grove,2021,1.4242,2892,2030.613677854234,35,913,2040,1549,1600,300,1.0,2.2,1215,1113,0.34052111410601976,0.39802336028751123,458,1215,0.37695473251028805,True,"ABS 2021 Census General Community Profile DataPack, SAL geography, Northern Territory"
SAL70062,Coolalinga,2021,1.1346,510,449.497620306716,31,943,1713,1426,1772,340,1.0,1.9,218,208,0.3076923076923077,0.23076923076923078,88,218,0.4036697247706422,True,"ABS 2021 Census General Community Profile DataPack, SAL geography, Northern Territory"
SAL70073,Darwin City,2021,3.1731,7149,2253.001796350572,33,1236,2403,2151,1781,450,1.0,2.0,2984,2739,0.1288791529755385,0.5578678349762687,1146,2984,0.38404825737265413,True,"ABS 2021 Census General Community Profile DataPack, SAL geography, Northern Territory"
SAL70080,Driver,2021,1.7157,2747,1601.0957626624702,33,1011,2183,1984,1950,350,0.9,2.7,940,841,0.1938168846611177,0.4934601664684899,198,940,0.21063829787234042,True,"ABS 2021 Census General Community Profile DataPack, SAL geography, Northern Territory"
SAL70084,Durack (NT),2021,2.9405,3730,1268.4917531032138,31,1275,2716,2471,2167,500,0.8,2.8,1271,1121,0.08652988403211419,0.6726137377341659,194,1271,0.15263571990558616,True,"ABS 2021 Census General Community Profile DataPack, SAL geography, Northern Territory"
SAL70097,Fannie Bay,2021,2.1168,2875,1358.1821617535902,39,1322,2829,2213,2167,390,0.8,2.3,1155,1069,0.19550982226379796,0.5537885874649204,356,1155,0.30822510822510824,True,"ABS 2021 Census General Community Profile DataPack, SAL geography, Northern Territory"
SAL70098,Farrar,2021,1.4709,1650,1121.7621864164796,32,1172,2741,2573,2167,455,0.8,2.9,495,445,0.1146067415730337,0.6651685393258427,75,495,0.15151515151515152,True,"ABS 2021 Census General Community Profile DataPack, SAL geography, Northern Territory"
SAL70110,Girraween (NT),2021,23.5967,1668,70.68785041976209,41,1256,3071,2992,2500,420,0.9,3.1,502,427,0.10772833723653395,0.7002341920374707,64,502,0.12749003984063745,True,"ABS 2021 Census General Community Profile DataPack, SAL geography, Northern Territory"
SAL70112,Gray (NT),2021,1.5029,3142,2090.6247920686674,34,877,1960,1479,1725,300,0.9,2.4,1136,1032,0.34593023255813954,0.3682170542635659,369,1136,0.3248239436619718,True,"ABS 2021 Census General Community Profile DataPack, SAL geography, Northern Territory"
SAL70116,Gunn,2021,1.4471,2564,1771.8195010711077,31,1201,2682,2485,1950,480,0.8,2.9,851,772,0.12046632124352331,0.6645077720207254,126,851,0.14806110458284372,True,"ABS 2021 Census General Community Profile DataPack, SAL geography, Northern Territory"
SAL70123,Herbert,2021,35.6854,1610,45.11649021728774,38,1268,3005,2765,2323,460,1.0,3.0,506,441,0.12698412698412698,0.6530612244897959,79,506,0.15612648221343872,True,"ABS 2021 Census General Community Profile DataPack, SAL geography, Northern Territory"
SAL70129,Howard Springs,2021,76.8403,3153,41.03315577893371,43,1118,2774,2560,2388,400,0.9,2.9,1016,883,0.16081540203850508,0.6217440543601359,161,1016,0.15846456692913385,True,"ABS 2021 Census General Community Profile DataPack, SAL geography, Northern Territory"
SAL70132,Humpty Doo,2021,71.6484,4313,60.19673851753843,39,1080,2682,2401,2206,400,0.9,2.9,1357,1156,0.1782006920415225,0.5986159169550173,240,1357,0.17686072218128224,True,"ABS 2021 Census General Community Profile DataPack, SAL geography, Northern Territory"
SAL70138,Jingili,2021,1.3163,1841,1398.6173364734482,36,1042,2474,2371,2015,400,0.8,3.0,589,519,0.1926782273603083,0.5973025048169557,89,589,0.15110356536502548,True,"ABS 2021 Census General Community Profile DataPack, SAL geography, Northern Territory"
SAL70139,Johnston,2021,2.6035,2386,916.4586134050318,28,1179,2455,2254,2400,370,0.9,2.9,780,686,0.15743440233236153,0.565597667638484,135,780,0.17307692307692307,True,"ABS 2021 Census General Community Profile DataPack, SAL geography, Northern Territory"
SAL70143,Karama,2021,2.0655,4803,2325.344952795933,35,838,2021,1783,1950,293,1.0,2.9,1554,1386,0.28715728715728717,0.43867243867243866,346,1554,0.22265122265122264,True,"ABS 2021 Census General Community Profile DataPack, SAL geography, Northern Territory"
SAL70149,Knuckey Lagoon,2021,18.2183,498,27.335152017476933,35,1064,2636,2525,3564,300,1.1,3.3,114,100,0.18,0.59,16,114,0.14035087719298245,True,"ABS 2021 Census General Community Profile DataPack, SAL geography, Northern Territory"
SAL70155,Lambells Lagoon,2021,93.8952,239,2.545391031703431,41,843,2083,2024,1875,135,1.0,3.0,77,67,0.1791044776119403,0.4925373134328358,13,77,0.16883116883116883,True,"ABS 2021 Census General Community Profile DataPack, SAL geography, Northern Territory"
SAL70159,Larrakeyah,2021,1.9452,3943,2027.0409212420316,33,1297,2695,2372,1800,395,0.9,2.3,1439,1285,0.1198443579766537,0.6373540856031128,409,1439,0.28422515635858236,True,"ABS 2021 Census General Community Profile DataPack, SAL geography, Northern Territory"
SAL70161,Leanyer,2021,2.5017,4597,1837.5504656833352,37,1101,2469,2223,2000,400,0.9,2.7,1574,1434,0.18410041841004185,0.5718270571827058,332,1574,0.21092757306226176,True,"ABS 2021 Census General Community Profile DataPack, SAL geography, Northern Territory"
SAL70162,Lee Point,2021,4.3642,94,21.538884560744236,62,683,1292,675,2600,180,1.5,1.6,33,33,0.5454545454545454,0.0,20,33,0.6060606060606061,True,"ABS 2021 Census General Community Profile DataPack, SAL geography, Northern Territory"
SAL70167,Ludmilla,2021,3.9454,1667,422.5173619911796,35,924,2244,2056,2058,300,0.9,2.7,576,507,0.2603550295857988,0.5226824457593688,114,576,0.19791666666666666,True,"ABS 2021 Census General Community Profile DataPack, SAL geography, Northern Territory"
SAL70168,Lyons (NT),2021,0.9661,2219,2296.863678708208,30,1340,3037,2931,2600,265,0.9,3.3,641,529,0.0831758034026465,0.7618147448015122,54,641,0.0842433697347894,True,"ABS 2021 Census General Community Profile DataPack, SAL geography, Northern Territory"
SAL70169,Malak,2021,1.7493,3013,1722.4032470130908,35,831,2051,1676,1950,301,0.9,2.8,1024,921,0.31378935939196523,0.4375678610206297,248,1024,0.2421875,True,"ABS 2021 Census General Community Profile DataPack, SAL geography, Northern Territory"
SAL70176,Marlow Lagoon,2021,4.9381,754,152.69030598813308,39,1545,3640,3630,2500,550,0.9,3.2,211,184,0.043478260869565216,0.7934782608695652,25,211,0.11848341232227488,True,"ABS 2021 Census General Community Profile DataPack, SAL geography, Northern Territory"
SAL70178,Marrara,2021,3.0821,1323,429.25278219395864,45,1137,2519,1953,2036,370,0.9,2.2,533,497,0.23943661971830985,0.4869215291750503,161,533,0.30206378986866794,True,"ABS 2021 Census General Community Profile DataPack, SAL geography, Northern Territory"
SAL70181,McMinns Lagoon,2021,13.41,687,51.230425055928414,43,1040,2708,2516,2708,400,0.9,2.9,222,197,0.10152284263959391,0.6142131979695431,32,222,0.14414414414414414,True,"ABS 2021 Census General Community Profile DataPack, SAL geography, Northern Territory"
SAL70187,Millner,2021,1.4677,2576,1755.127069564625,36,957,2055,1817,1733,340,0.9,2.4,969,868,0.24539170506912442,0.4377880184331797,266,969,0.27450980392156865,True,"ABS 2021 Census General Community Profile DataPack, SAL geography, Northern Territory"
SAL70192,Moil,2021,1.0424,2000,1918.6492709132772,37,939,2197,2033,1950,310,0.9,2.9,645,588,0.21428571428571427,0.5136054421768708,118,645,0.18294573643410852,True,"ABS 2021 Census General Community Profile DataPack, SAL geography, Northern Territory"
SAL70193,Moulden,2021,1.7504,3053,1744.172760511883,33,851,1919,1515,1632,295,0.9,2.7,950,835,0.3221556886227545,0.37964071856287424,273,950,0.2873684210526316,True,"ABS 2021 Census General Community Profile DataPack, SAL geography, Northern Territory"
SAL70198,Muirhead,2021,1.7106,3689,2156.5532561674268,29,1383,2977,3029,2600,313,0.9,3.4,1045,905,0.039779005524861875,0.8276243093922652,72,1045,0.06889952153110047,True,"ABS 2021 Census General Community Profile DataPack, SAL geography, Northern Territory"
SAL70201,Nakara,2021,0.8426,1906,2262.046047946831,36,995,2383,2424,2000,420,0.9,3.0,581,523,0.1586998087954111,0.6003824091778203,90,581,0.1549053356282272,True,"ABS 2021 Census General Community Profile DataPack, SAL geography, Northern Territory"
SAL70210,Nightcliff,2021,1.4512,3884,2676.4057331863287,34,1203,2430,2051,1972,350,1.0,2.4,1522,1380,0.1855072463768116,0.5144927536231884,468,1522,0.30749014454664914,True,"ABS 2021 Census General Community Profile DataPack, SAL geography, Northern Territory"
SAL70212,Noonamah,2021,34.4074,328,9.532833053354802,45,920,2200,1517,2180,290,0.9,2.2,98,79,0.4177215189873418,0.3037974683544304,37,98,0.37755102040816324,True,"ABS 2021 Census General Community Profile DataPack, SAL geography, Northern Territory"
SAL70219,Parap,2021,1.1022,2819,2557.6120486300124,36,1281,2697,2231,2232,415,0.9,2.3,1122,1018,0.18467583497053044,0.5834970530451866,350,1122,0.31194295900178254,True,"ABS 2021 Census General Community Profile DataPack, SAL geography, Northern Territory"
SAL70231,Rapid Creek,2021,1.9176,3261,1700.5632040050064,35,1229,2629,2208,1956,350,0.9,2.4,1309,1184,0.19594594594594594,0.5684121621621622,395,1309,0.3017570664629488,True,"ABS 2021 Census General Community Profile DataPack, SAL geography, Northern Territory"
SAL70234,Rosebery (NT),2021,1.8889,4127,2184.8695007676424,30,1205,2630,2397,2128,420,0.9,2.9,1302,1167,0.10968294772922023,0.6383890317052271,234,1302,0.17972350230414746,True,"ABS 2021 Census General Community Profile DataPack, SAL geography, Northern Territory"
SAL70245,Stuart Park,2021,1.6531,4101,2480.7936603956205,34,1237,2682,2278,1980,400,0.9,2.3,1607,1429,0.13086074177746676,0.5899230230930721,443,1607,0.2756689483509645,True,"ABS 2021 Census General Community Profile DataPack, SAL geography, Northern Territory"
SAL70254,The Gardens (NT),2021,1.7997,726,403.4005667611268,36,1273,2418,2156,1733,388,0.8,2.0,286,255,0.17647058823529413,0.5843137254901961,108,286,0.3776223776223776,True,"ABS 2021 Census General Community Profile DataPack, SAL geography, Northern Territory"
SAL70255,The Narrows (NT),2021,0.3275,632,1929.7709923664122,39,848,2263,1577,2167,300,0.9,2.3,259,235,0.3829787234042553,0.4085106382978723,89,259,0.3436293436293436,True,"ABS 2021 Census General Community Profile DataPack, SAL geography, Northern Territory"
SAL70262,Tiwi,2021,3.1187,2511,805.143168627954,40,948,2371,2022,2000,375,0.9,2.6,797,716,0.26536312849162014,0.5097765363128491,220,797,0.27603513174404015,True,"ABS 2021 Census General Community Profile DataPack, SAL geography, Northern Territory"
SAL70274,Virginia (NT),2021,32.6302,1811,55.50073245030677,43,1167,3005,2678,2500,460,0.9,2.9,590,519,0.14450867052023122,0.6435452793834296,103,590,0.17457627118644067,True,"ABS 2021 Census General Community Profile DataPack, SAL geography, Northern Territory"
SAL70277,Wagaman,2021,0.8378,2023,2414.657436142277,35,864,2115,2083,1820,340,1.0,3.0,642,559,0.22361359570661896,0.5223613595706619,107,642,0.16666666666666666,True,"ABS 2021 Census General Community Profile DataPack, SAL geography, Northern Territory"
SAL70280,Wanguri,2021,0.8855,1836,2073.4048560135516,39,977,2637,2439,2167,410,0.9,3.0,567,507,0.21499013806706113,0.5818540433925049,101,567,0.1781305114638448,True,"ABS 2021 Census General Community Profile DataPack, SAL geography, Northern Territory"
SAL70292,Woodroffe,2021,1.5977,3175,1987.2316454903926,33,1012,2276,1891,1800,360,0.9,2.6,1100,982,0.25967413441955195,0.48065173116089616,270,1100,0.24545454545454545,True,"ABS 2021 Census General Community Profile DataPack, SAL geography, Northern Territory"
SAL70293,Woolner,2021,1.0643,962,903.8804848257071,34,1425,2881,2628,1950,440,0.9,2.4,385,360,0.09722222222222222,0.6861111111111111,101,385,0.2623376623376623,True,"ABS 2021 Census General Community Profile DataPack, SAL geography, Northern Territory"
SAL70294,Wulagi,2021,1.2629,2510,1987.4891123604405,36,1052,2446,2331,2000,425,0.9,2.9,768,698,0.14613180515759314,0.6074498567335244,103,768,0.13411458333333334,True,"ABS 2021 Census General Community Profile DataPack, SAL geography, Northern Territory"
SAL70303,Zuccoli,2021,3.3389,4131,1237.2338195213993,28,1328,2843,2682,2271,550,0.9,3.0,1291,1134,0.05731922398589065,0.736331569664903,186,1291,0.14407436096049575,True,"ABS 2021 Census General Community Profile DataPack, SAL geography, Northern Territory"
SAL70001,Acacia Hills (NT),2021,127.3088,711,5.584845666599638,40,1077,2619,2380,2167,390,1.0,2.9,206,176,0.14204545454545456,0.5568181818181818,42,206,0.20388349514563106,False,"ABS 2021 Census General Community Profile DataPack, SAL geography, Northern Territory"
SAL70002,Adelaide River,2021,146.7377,317,2.1603173553899238,52,583,1281,992,1333,200,1.0,2.2,109,92,0.532608695652174,0.30434782608695654,37,109,0.3394495412844037,False,"ABS 2021 Census General Community Profile DataPack, SAL geography, Northern Territory"
SAL70004,Ali Curung,2021,443.1496,394,0.8890902756089591,23,391,949,1437,303,65,1.5,4.5,77,65,0.23076923076923078,0.3384615384615385,15,77,0.19480519480519481,False,"ABS 2021 Census General Community Profile DataPack, SAL geography, Northern Territory"
SAL70005,Alice Springs,2021,1.3415,231,172.1953037644428,37,952,2159,1463,2000,313,1.0,1.8,83,83,0.0963855421686747,0.30120481927710846,45,83,0.5421686746987951,False,"ABS 2021 Census General Community Profile DataPack, SAL geography, Northern Territory"
SAL70006,Alpurrurulam,2021,9.9926,350,35.02591918019335,27,246,519,855,217,92,1.4,4.3,75,66,0.6212121212121212,0.10606060606060606,11,75,0.14666666666666667,False,"ABS 2021 Census General Community Profile DataPack, SAL geography, Northern Territory"
SAL70007,Alyangula,2021,2.7429,751,273.7978052426264,34,1844,3718,3333,1083,80,1.0,2.8,216,188,0.0,0.7978723404255319,55,216,0.25462962962962965,False,"ABS 2021 Census General Community Profile DataPack, SAL geography, Northern Territory"
SAL70008,Amoonguna,2021,5.5884,229,40.97773960346432,29,267,706,814,0,50,1.4,4.0,54,50,0.74,0.0,3,54,0.05555555555555555,False,"ABS 2021 Census General Community Profile DataPack, SAL geography, Northern Territory"
SAL70009,Ampilatwatja,2021,28.2769,439,15.525039873536349,24,412,1031,2111,0,65,1.9,5.7,54,46,0.0,0.391304347826087,3,54,0.05555555555555555,False,"ABS 2021 Census General Community Profile DataPack, SAL geography, Northern Territory"
SAL70010,Anatye,2021,45033.8831,160,0.0035528803866349246,23,746,949,1536,0,25,1.2,3.3,25,22,0.0,0.45454545454545453,5,25,0.2,False,"ABS 2021 Census General Community Profile DataPack, SAL geography, Northern Territory"
SAL70011,Angurugu,2021,1.5128,883,583.6858804865151,26,273,769,1037,0,70,1.6,4.4,192,173,0.5375722543352601,0.14450867052023122,13,192,0.06770833333333333,False,"ABS 2021 Census General Community Profile DataPack, SAL geography, Northern Territory"
SAL70012,Anindilyakwa,2021,2592.7369,375,0.1446348065629027,31,439,887,1583,0,100,1.5,3.9,53,46,0.4782608695652174,0.15217391304347827,9,53,0.16981132075471697,False,"ABS 2021 Census General Community Profile DataPack, SAL geography, Northern Territory"
SAL70013,Anmatjere,2021,54462.8736,446,0.008189064779718123,30,283,685,747,485,73,1.3,3.7,98,82,0.5853658536585366,0.07317073170731707,15,98,0.15306122448979592,False,"ABS 2021 Census General Community Profile DataPack, SAL geography, Northern Territory"
SAL70015,Araluen (NT),2021,4.1469,2673,644.5778774506258,34,1281,2806,2451,1870,440,0.9,2.8,918,827,0.1354292623941959,0.6336154776299879,199,918,0.2167755991285403,False,"ABS 2021 Census General Community Profile DataPack, SAL geography, Northern Territory"
SAL70016,Archer,2021,11.3249,3,0.2649030013510053,57,824,1649,1649,0,0,1.0,2.5,4,4,0.0,0.0,0,4,0.0,False,"ABS 2021 Census General Community Profile DataPack, SAL geography, Northern Territory"
SAL70017,Areyonga,2021,6.9813,236,33.804592267915716,31,232,725,1399,0,65,1.4,4.7,41,36,0.19444444444444445,0.2222222222222222,4,41,0.0975609756097561,False,"ABS 2021 Census General Community Profile DataPack, SAL geography, Northern Territory"
SAL70018,Arnold (NT),2021,18238.4747,75,0.004112185982306953,28,1375,2074,2074,0,0,0.8,3.5,6,6,0.0,0.0,0,6,0.0,False,"ABS 2021 Census General Community Profile DataPack, SAL geography, Northern Territory"
SAL70019,Arumbera,2021,70.0879,257,3.6668240880380205,38,318,758,828,845,100,1.3,2.9,64,54,0.5185185185185185,0.1111111111111111,20,64,0.3125,False,"ABS 2021 Census General Community Profile DataPack, SAL geography, Northern Territory"
SAL70020,Atitjere,2021,7.0143,204,29.083443821906673,28,346,762,1575,2000,80,1.5,4.4,40,36,0.2222222222222222,0.19444444444444445,7,40,0.175,False,"ABS 2021 Census General Community Profile DataPack, SAL geography, Northern Territory"
SAL70021,Baines,2021,23443.2654,239,0.010194825504129642,26,397,758,752,0,74,1.3,3.2,51,51,0.6666666666666666,0.29411764705882354,13,51,0.2549019607843137,False,"ABS 2021 Census General Community Profile DataPack, SAL geography, Northern Territory"
SAL70023,Barunga,2021,7.4509,337,45.22943537022373,26,298,706,1087,0,100,1.5,3.8,80,80,0.4875,0.1125,18,80,0.225,False,"ABS 2021 Census General Community Profile DataPack, SAL geography, Northern Territory"
SAL70024,Batchelor,2021,115.696,396,3.422763103305214,45,542,1337,900,1520,150,0.8,2.0,143,127,0.5433070866141733,0.14960629921259844,66,143,0.46153846153846156,False,"ABS 2021 Census General Community Profile DataPack, SAL geography, Northern Territory"
SAL70028,Belyuen,2021,41.4054,149,3.5985644384548876,32,272,661,680,0,75,1.2,3.2,46,37,0.7027027027027027,0.0,9,46,0.1956521739130435,False,"ABS 2021 Census General Community Profile DataPack, SAL geography, Northern Territory"
SAL70031,Beswick,2021,2.744,542,197.52186588921282,27,251,661,1333,0,64,2.1,5.4,88,88,0.3409090909090909,0.29545454545454547,12,88,0.13636363636363635,False,"ABS 2021 Census General Community Profile DataPack, SAL geography, Northern Territory"
SAL70032,Beswick Creek,2021,4083.5325,16,0.003918176235893801,28,699,3250,2249,0,0,1.1,2.2,9,9,0.0,0.0,0,9,0.0,False,"ABS 2021 Census General Community Profile DataPack, SAL geography, Northern Territory"
SAL70033,Binjari,2021,2.8065,240,85.51576696953501,25,271,658,966,0,100,1.9,5.2,37,37,0.4864864864864865,0.0,0,37,0.0,False,"ABS 2021 Census General Community Profile DataPack, SAL geography, Northern Territory"
SAL70034,Birdum,2021,16735.6909,63,0.0037644098696875427,34,866,1874,2250,0,0,1.9,3.0,6,6,0.0,0.5,6,6,1.0,False,"ABS 2021 Census General Community Profile DataPack, SAL geography, Northern Territory"
SAL70035,Black Jungle,2021,36.3094,0,0.0,0,0,0,0,0,0,0.0,0.0,0,0,,,0,0,,False,"ABS 2021 Census General Community Profile DataPack, SAL geography, Northern Territory"
SAL70036,Blackmore,2021,84.7168,0,0.0,0,0,0,0,0,0,0.0,0.0,0,0,,,0,0,,False,"ABS 2021 Census General Community Profile DataPack, SAL geography, Northern Territory"
SAL70037,Borroloola,2021,12.5634,755,60.09519716000446,32,393,1017,1301,1117,33,1.4,3.5,184,171,0.38011695906432746,0.2631578947368421,42,184,0.22826086956521738,False,"ABS 2021 Census General Community Profile DataPack, SAL geography, Northern Territory"
SAL70038,Bradshaw,2021,14163.7465,55,0.0038831533732971006,34,419,825,833,1608,257,1.5,3.0,14,8,0.75,0.0,0,14,0.0,False,"ABS 2021 Census General Community Profile DataPack, SAL geography, Northern Territory"
SAL70039,Braitling,2021,4.8751,3160,648.1918319624214,36,1138,2526,2182,1804,430,0.9,2.6,1090,975,0.20923076923076922,0.5435897435897435,264,1090,0.24220183486238533,False,"ABS 2021 Census General Community Profile DataPack, SAL geography, Northern Territory"
SAL70041,Buchanan (NT),2021,24253.3708,80,0.003298510572394333,23,939,1149,2250,0,0,1.2,6.3,0,0,,,0,0,,False,"ABS 2021 Census General Community Profile DataPack, SAL geography, Northern Territory"
SAL70042,Buffalo Creek,2021,10.1682,0,0.0,0,0,0,0,0,0,0.0,0.0,0,0,,,0,0,,False,"ABS 2021 Census General Community Profile DataPack, SAL geography, Northern Territory"
SAL70043,Bulman Weemol,2021,13.8936,263,18.929579086773767,29,326,758,1375,0,115,1.6,5.0,38,38,0.5789473684210527,0.21052631578947367,0,38,0.0,False,"ABS 2021 Census General Community Profile DataPack, SAL geography, Northern Territory"
SAL70044,Burrundie,2021,3280.3481,8,0.0024387655688126514,45,1625,5499,2750,0,0,1.2,1.7,3,3,0.0,0.0,0,3,0.0,False,"ABS 2021 Census General Community Profile DataPack, SAL geography, Northern Territory"
SAL70045,Burt Plain,2021,9777.1413,230,0.02352425856829951,34,361,790,824,0,25,1.3,2.8,70,43,0.6976744186046512,0.0,30,70,0.42857142857142855,False,"ABS 2021 Census General Community Profile DataPack, SAL geography, Northern Territory"
SAL70046,Bynoe,2021,378.4439,98,0.2589551582149957,59,669,1208,1021,1142,353,0.9,1.7,50,47,0.3617021276595745,0.2127659574468085,20,50,0.4,False,"ABS 2021 Census General Community Profile DataPack, SAL geography, Northern Territory"
SAL70047,Bynoe Harbour,2021,51.2659,0,0.0,0,0,0,0,0,0,0.0,0.0,0,0,,,0,0,,False,"ABS 2021 Census General Community Profile DataPack, SAL geography, Northern Territory"
SAL70048,Calvert (NT),2021,23535.1985,21,0.0008922805558661425,58,649,2750,2250,0,0,1.2,2.0,6,6,0.0,0.0,0,6,0.0,False,"ABS 2021 Census General Community Profile DataPack, SAL geography, Northern Territory"
SAL70049,Camp Creek (NT),2021,97.5728,0,0.0,75,225,0,225,0,0,1.0,1.0,0,0,,,0,0,,False,"ABS 2021 Census General Community Profile DataPack, SAL geography, Northern Territory"
SAL70050,Canteen Creek,2021,1.1999,147,122.51020918409868,25,372,933,1687,0,60,1.6,4.7,26,18,0.0,0.5,3,26,0.11538461538461539,False,"ABS 2021 Census General Community Profile DataPack, SAL geography, Northern Territory"
SAL70051,Casuarina (NT),2021,0.4187,406,969.668020062097,27,618,2457,2750,1660,460,1.3,3.0,30,26,0.0,0.9615384615384616,3,30,0.1,False,"ABS 2021 Census General Community Profile DataPack, SAL geography, Northern Territory"
SAL70052,Channel Island,2021,1.3671,0,0.0,0,0,0,0,0,0,0.0,0.0,0,0,,,0,0,,False,"ABS 2021 Census General Community Profile DataPack, SAL geography, Northern Territory"
SAL70053,Charles Darwin,2021,9.7533,0,0.0,0,0,0,0,0,0,0.0,0.0,0,0,,,0,0,,False,"ABS 2021 Census General Community Profile DataPack, SAL geography, Northern Territory"
SAL70054,Charlotte,2021,462.1355,19,0.041113482950346815,57,450,575,537,0,80,1.2,1.9,7,7,1.0,0.0,7,7,1.0,False,"ABS 2021 Census General Community Profile DataPack, SAL geography, Northern Territory"
SAL70055,Chilla Well,2021,22110.6202,0,0.0,0,0,0,0,0,0,0.0,0.0,0,0,,,0,0,,False,"ABS 2021 Census General Community Profile DataPack, SAL geography, Northern Territory"
SAL70056,Ciccone,2021,2.0672,281,135.93266253869967,37,820,1406,1375,1985,240,1.2,2.4,102,97,0.28865979381443296,0.28865979381443296,32,102,0.3137254901960784,False,"ABS 2021 Census General Community Profile DataPack, SAL geography, Northern Territory"
SAL70057,Claravale,2021,2696.0167,5,0.0018545879185392286,30,900,1875,5500,0,0,1.2,6.0,0,0,,,0,0,,False,"ABS 2021 Census General Community Profile DataPack, SAL geography, Northern Territory"
SAL70058,Cobourg,2021,2052.1877,32,0.015593115580996807,29,900,1375,1375,0,50,1.6,3.3,4,4,1.25,0.0,0,4,0.0,False,"ABS 2021 Census General Community Profile DataPack, SAL geography, Northern Territory"
SAL70060,Collett Creek,2021,71.2438,0,0.0,61,725,0,725,4117,0,0.5,1.0,0,0,,,0,0,,False,"ABS 2021 Census General Community Profile DataPack, SAL geography, Northern Territory"
SAL70061,Connellan,2021,39.1808,371,9.468923554393989,48,1140,2853,2611,2292,300,0.9,2.7,119,103,0.10679611650485436,0.5436893203883495,21,119,0.17647058823529413,False,"ABS 2021 Census General Community Profile DataPack, SAL geography, Northern Territory"
SAL70063,Coomalie Creek,2021,177.7225,8,0.04501399653954902,47,575,3249,3249,0,0,1.5,3.0,0,0,,,0,0,,False,"ABS 2021 Census General Community Profile DataPack, SAL geography, Northern Territory"
SAL70064,Coonawarra (NT),2021,1.6022,20,12.482836100362002,24,1228,0,0,0,0,0.0,0.0,0,0,,,0,0,,False,"ABS 2021 Census General Community Profile DataPack, SAL geography, Northern Territory"
SAL70065,Cossack (NT),2021,256.9534,1293,5.0320408291931535,39,1077,2571,2257,2000,250,1.0,2.8,382,319,0.20689655172413793,0.5517241379310345,72,382,0.18848167539267016,False,"ABS 2021 Census General Community Profile DataPack, SAL geography, Northern Territory"
SAL70066,Costello,2021,39158.4011,23,0.0005873579960852896,20,885,2749,2749,0,0,0.6,2.0,0,0,,,0,0,,False,"ABS 2021 Census General Community Profile DataPack, SAL geography, Northern Territory"
SAL70067,Cox Peninsula,2021,778.8882,6,0.007703287840283112,25,1375,4250,3749,975,0,0.6,2.5,0,0,,,0,0,,False,"ABS 2021 Census General Community Profile DataPack, SAL geography, Northern Territory"
SAL70068,Creswell,2021,28237.6913,54,0.001912337642135779,25,1098,3750,1375,0,114,0.7,1.8,16,13,0.0,0.0,4,16,0.25,False,"ABS 2021 Census General Community Profile DataPack, SAL geography, Northern Territory"
SAL70069,Daguragu,2021,44.1812,196,4.436276063121871,21,203,454,814,0,59,1.9,5.8,32,27,0.5925925925925926,0.0,0,32,0.0,False,"ABS 2021 Census General Community Profile DataPack, SAL geography, Northern Territory"
SAL70070,Daly,2021,46.2349,0,0.0,0,0,0,0,0,0,0.0,0.0,0,0,,,0,0,,False,"ABS 2021 Census General Community Profile DataPack, SAL geography, Northern Territory"
SAL70071,Daly River,2021,1850.9271,116,0.06267129591435557,47,596,1291,979,1312,90,1.1,2.1,43,39,0.358974358974359,0.0,15,43,0.3488372093023256,False,"ABS 2021 Census General Community Profile DataPack, SAL geography, Northern Territory"
SAL70072,Daly Waters,2021,4.9673,55,11.072413584844886,33,1021,2249,1375,1104,0,1.4,1.6,13,13,0.3076923076923077,0.23076923076923078,7,13,0.5384615384615384,False,"ABS 2021 Census General Community Profile DataPack, SAL geography, Northern Territory"
SAL70074,Darwin River,2021,142.2064,627,4.409084260623994,47,839,2200,1550,1900,268,0.9,2.4,212,192,0.2604166666666667,0.40625,69,212,0.32547169811320753,False,"ABS 2021 Census General Community Profile DataPack, SAL geography, Northern Territory"
SAL70075,Darwin River Dam,2021,264.8614,0,0.0,66,450,0,450,0,0,1.0,1.0,0,0,,,0,0,,False,"ABS 2021 Census General Community Profile DataPack, SAL geography, Northern Territory"
SAL70076,Davenport (NT),2021,28761.4843,145,0.005041464428176261,32,444,900,1017,650,70,1.1,2.8,46,38,0.2894736842105263,0.07894736842105263,13,46,0.2826086956521739,False,"ABS 2021 Census General Community Profile DataPack, SAL geography, Northern Territory"
SAL70077,Delamere (NT),2021,11404.0114,65,0.005699748774365483,26,1036,3249,1083,0,0,0.7,1.9,11,11,0.36363636363636365,0.0,8,11,0.7272727272727273,False,"ABS 2021 Census General Community Profile DataPack, SAL geography, Northern Territory"
SAL70078,Desert Springs,2021,2.4772,1536,620.0549006943323,36,1454,3321,3025,2264,500,0.9,2.8,525,470,0.06595744680851064,0.723404255319149,98,525,0.18666666666666668,False,"ABS 2021 Census General Community Profile DataPack, SAL geography, Northern Territory"
SAL70079,Douglas-Daly,2021,4903.0577,173,0.03528410444772045,33,1015,1875,1424,3364,0,0.9,2.6,35,32,0.0,0.25,15,35,0.42857142857142855,False,"ABS 2021 Census General Community Profile DataPack, SAL geography, Northern Territory"
SAL70081,Dundee Beach,2021,74.7973,267,3.5696475674924093,62,494,1037,933,1083,190,1.0,1.9,116,106,0.5566037735849056,0.2169811320754717,32,116,0.27586206896551724,False,"ABS 2021 Census General Community Profile DataPack, SAL geography, Northern Territory"
SAL70082,Dundee Downs,2021,36.9739,112,3.029163815556379,58,428,900,537,1517,0,0.9,1.6,39,33,0.696969696969697,0.0,23,39,0.5897435897435898,False,"ABS 2021 Census General Community Profile DataPack, SAL geography, Northern Territory"
SAL70083,Dundee Forest,2021,178.7919,85,0.47541303604917223,56,469,1062,824,1349,250,1.0,2.0,33,33,0.42424242424242425,0.0,16,33,0.48484848484848486,False,"ABS 2021 Census General Community Profile DataPack, SAL geography, Northern Territory"
SAL70085,East Arm,2021,14.3507,15,1.0452451796776463,45,1145,1824,2250,0,635,1.0,2.3,5,5,0.0,0.0,0,5,0.0,False,"ABS 2021 Census General Community Profile DataPack, SAL geography, Northern Territory"
SAL70086,East Arnhem,2021,30871.2252,1194,0.03867679343027824,27,281,774,1224,2500,35,1.7,4.9,173,150,0.43333333333333335,0.22666666666666666,6,173,0.03468208092485549,False,"ABS 2021 Census General Community Profile DataPack, SAL geography, Northern Territory"
SAL70087,East Point,2021,2.377,0,0.0,61,450,0,450,0,0,1.0,1.0,0,0,,,0,0,,False,"ABS 2021 Census General Community Profile DataPack, SAL geography, Northern Territory"
SAL70088,East Side,2021,3.8802,3098,798.412452966342,34,1227,2632,2225,1742,393,0.9,2.5,1107,993,0.15307150050352467,0.5568982880161127,316,1107,0.28545618789521227,False,"ABS 2021 Census General Community Profile DataPack, SAL geography, Northern Territory"
SAL70089,Eaton (NT),2021,15.4015,284,18.439762360809013,27,1403,2569,2528,0,254,0.9,3.1,78,60,0.0,0.6,4,78,0.05128205128205128,False,"ABS 2021 Census General Community Profile DataPack, SAL geography, Northern Territory"
SAL70090,Edith (NT),2021,1138.7487,186,0.1633371787822897,45,990,2125,1843,1083,300,1.1,2.3,51,51,0.19607843137254902,0.4117647058823529,16,51,0.3137254901960784,False,"ABS 2021 Census General Community Profile DataPack, SAL geography, Northern Territory"
SAL70091,Elliott (NT),2021,2.996,287,95.79439252336448,28,302,762,1093,0,129,1.2,3.8,68,55,0.43636363636363634,0.18181818181818182,10,68,0.14705882352941177,False,"ABS 2021 Census General Community Profile DataPack, SAL geography, Northern Territory"
SAL70092,Elrundie,2021,7.7699,0,0.0,0,0,0,0,0,0,0.0,0.0,0,0,,,0,0,,False,"ABS 2021 Census General Community Profile DataPack, SAL geography, Northern Territory"
SAL70093,Elsey,2021,8447.7768,12,0.0014204920755008584,55,887,1899,1024,0,150,1.1,2.0,5,5,0.0,0.0,3,5,0.6,False,"ABS 2021 Census General Community Profile DataPack, SAL geography, Northern Territory"
SAL70094,Emungalan,2021,70.012,254,3.6279494943723933,42,397,1145,1781,2283,200,1.3,3.8,53,50,0.1,0.4,3,53,0.05660377358490566,False,"ABS 2021 Census General Community Profile DataPack, SAL geography, Northern Territory"
SAL70095,Engawala,2021,3.8271,164,42.85229024587808,29,259,693,1399,0,70,1.8,4.9,33,30,0.2,0.13333333333333333,9,33,0.2727272727272727,False,"ABS 2021 Census General Community Profile DataPack, SAL geography, Northern Territory"
SAL70096,Eva Valley,2021,57.199,101,1.7657651357541215,55,560,1312,1291,1668,400,1.0,2.5,38,29,0.3793103448275862,0.10344827586206896,7,38,0.18421052631578946,False,"ABS 2021 Census General Community Profile DataPack, SAL geography, Northern Territory"
SAL70099,Finke,2021,28.7808,191,6.636368690237936,28,254,710,850,0,75,1.2,3.7,46,43,0.6511627906976745,0.09302325581395349,6,46,0.13043478260869565,False,"ABS 2021 Census General Community Profile DataPack, SAL geography, Northern Territory"
SAL70100,Finniss Valley,2021,107.7468,84,0.7796055196070789,38,830,1687,1437,1593,100,1.1,2.2,26,26,0.3076923076923077,0.2692307692307692,9,26,0.34615384615384615,False,"ABS 2021 Census General Community Profile DataPack, SAL geography, Northern Territory"
SAL70101,Florina,2021,1410.8605,118,0.08363690102600504,41,1375,3166,2833,2000,277,0.8,2.5,33,27,0.14814814814814814,0.5925925925925926,8,33,0.24242424242424243,False,"ABS 2021 Census General Community Profile DataPack, SAL geography, Northern Territory"
SAL70102,Fly Creek,2021,32.9846,189,5.729946702400514,38,1131,2727,2687,2167,380,1.0,2.7,60,53,0.07547169811320754,0.5283018867924528,9,60,0.15,False,"ABS 2021 Census General Community Profile DataPack, SAL geography, Northern Territory"
SAL70103,Flying Fox (NT),2021,17516.1858,64,0.0036537634808600857,34,1180,2250,2166,0,20,1.1,2.8,7,3,0.0,1.0,0,7,0.0,False,"ABS 2021 Census General Community Profile DataPack, SAL geography, Northern Territory"
SAL70104,Flynn (NT),2021,14.5147,119,8.198584882911806,30,309,737,819,0,90,1.2,3.5,30,27,0.5185185185185185,0.14814814814814814,0,30,0.0,False,"ABS 2021 Census General Community Profile DataPack, SAL geography, Northern Territory"
SAL70105,Freds Pass,2021,2.3133,12,5.187394631046557,58,1124,1875,1899,0,0,1.3,2.6,4,1,0.0,0.0,0,4,0.0,False,"ABS 2021 Census General Community Profile DataPack, SAL geography, Northern Territory"
SAL70106,Galiwinku,2021,4.8496,2199,453.4394589244474,25,352,902,1913,997,200,1.8,5.6,309,252,0.17857142857142858,0.4603174603174603,29,309,0.09385113268608414,False,"ABS 2021 Census General Community Profile DataPack, SAL geography, Northern Territory"
SAL70107,Gapuwiyak,2021,11.9273,705,59.10809655160849,30,358,1033,1766,0,90,1.8,4.9,121,106,0.1792452830188679,0.4056603773584906,13,121,0.10743801652892562,False,"ABS 2021 Census General Community Profile DataPack, SAL geography, Northern Territory"
SAL70108,Ghan,2021,55294.1664,132,0.0023872319377257127,32,1100,2437,2333,0,0,1.2,3.1,22,14,0.2857142857142857,0.6428571428571429,3,22,0.13636363636363635,False,"ABS 2021 Census General Community Profile DataPack, SAL geography, Northern Territory"
SAL70109,Gillen,2021,2.5479,4466,1752.8160445857375,33,1103,2391,2176,1733,400,1.0,2.7,1491,1335,0.1850187265917603,0.5528089887640449,340,1491,0.22803487592219987,False,"ABS 2021 Census General Community Profile DataPack, SAL geography, Northern Territory"
SAL70111,Glyde Point,2021,41.1709,0,0.0,0,0,0,0,0,0,0.0,0.0,0,0,,,0,0,,False,"ABS 2021 Census General Community Profile DataPack, SAL geography, Northern Territory"
SAL70113,Gregory (NT),2021,15509.21,107,0.006899126390061132,20,347,725,933,0,20,2.1,4.4,20,20,0.0,0.0,3,20,0.15,False,"ABS 2021 Census General Community Profile DataPack, SAL geography, Northern Territory"
SAL70114,Gulung Mardrulk,2021,18051.191,0,0.0,0,0,0,0,0,0,0.0,0.0,0,0,,,0,0,,False,"ABS 2021 Census General Community Profile DataPack, SAL geography, Northern Territory"
SAL70115,Gunbalanya,2021,511.7884,1177,2.299778580366417,27,276,752,1277,0,70,1.7,4.6,222,192,0.3072916666666667,0.24479166666666666,31,222,0.13963963963963963,False,"ABS 2021 Census General Community Profile DataPack, SAL geography, Northern Territory"
SAL70117,Gunn Point,2021,37.4736,3,0.08005635967721277,68,350,724,724,0,0,2.0,2.0,3,3,0.0,0.0,0,3,0.0,False,"ABS 2021 Census General Community Profile DataPack, SAL geography, Northern Territory"
SAL70118,Gunyangara,2021,2.8863,241,83.49790389079445,29,332,844,1424,0,90,1.7,4.3,50,46,0.1956521739130435,0.2391304347826087,8,50,0.16,False,"ABS 2021 Census General Community Profile DataPack, SAL geography, Northern Territory"
SAL70119,Gurindji,2021,32372.6983,18,0.000556024086506252,23,1124,0,0,0,0,0.0,0.0,0,0,,,0,0,,False,"ABS 2021 Census General Community Profile DataPack, SAL geography, Northern Territory"
SAL70120,Haasts Bluff,2021,5.8117,82,14.109468830118553,30,268,488,1875,0,100,2.2,4.8,11,7,0.0,0.5714285714285714,0,11,0.0,False,"ABS 2021 Census General Community Profile DataPack, SAL geography, Northern Territory"
SAL70121,Hale,2021,21949.3816,72,0.0032802746479199214,40,424,574,466,1733,10,1.4,2.5,23,23,0.7391304347826086,0.17391304347826086,11,23,0.4782608695652174,False,"ABS 2021 Census General Community Profile DataPack, SAL geography, Northern Territory"
SAL70122,Hart (NT),2021,18161.0435,105,0.005781606106499332,30,389,900,1031,0,53,1.1,3.1,22,17,0.8823529411764706,0.0,5,22,0.22727272727272727,False,"ABS 2021 Census General Community Profile DataPack, SAL geography, Northern Territory"
SAL70124,Hermannsburg,2021,13.3095,551,41.39900071377588,27,292,768,1218,0,90,1.3,3.9,119,110,0.4,0.2,28,119,0.23529411764705882,False,"ABS 2021 Census General Community Profile DataPack, SAL geography, Northern Territory"
SAL70125,Hidden Valley (NT),2021,7.7403,3,0.38758187667144683,17,399,0,0,0,0,0.0,0.0,0,0,,,0,0,,False,"ABS 2021 Census General Community Profile DataPack, SAL geography, Northern Territory"
SAL70126,Holmes,2021,13.7424,0,0.0,0,0,0,0,0,0,0.0,0.0,0,0,,,0,0,,False,"ABS 2021 Census General Community Profile DataPack, SAL geography, Northern Territory"
SAL70127,Holtze,2021,41.1983,1940,47.089321646766976,31,1308,2100,1468,1122,230,1.3,2.0,101,91,0.25274725274725274,0.37362637362637363,42,101,0.4158415841584158,False,"ABS 2021 Census General Community Profile DataPack, SAL geography, Northern Territory"
SAL70128,Hotham,2021,894.1042,6,0.006710627240091255,59,0,0,0,0,0,0.0,0.0,0,0,,,0,0,,False,"ABS 2021 Census General Community Profile DataPack, SAL geography, Northern Territory"
SAL70130,Hugh,2021,9568.1566,895,0.09353943893435021,35,398,949,762,0,30,0.9,2.4,110,90,0.5555555555555556,0.16666666666666666,42,110,0.38181818181818183,False,"ABS 2021 Census General Community Profile DataPack, SAL geography, Northern Territory"
SAL70131,Hughes (NT),2021,12.6609,73,5.765782843241792,48,674,1812,1875,2351,277,1.1,3.1,22,19,0.0,0.5263157894736842,0,22,0.0,False,"ABS 2021 Census General Community Profile DataPack, SAL geography, Northern Territory"
SAL70133,Ilparpa,2021,28.8798,542,18.767442987832325,43,1092,2403,2048,2383,260,0.9,2.6,176,148,0.31756756756756754,0.5135135135135135,50,176,0.2840909090909091,False,"ABS 2021 Census General Community Profile DataPack, SAL geography, Northern Territory"
SAL70134,Imanpa,2021,16.2779,124,7.6176902425988615,25,273,700,1124,0,50,1.3,4.0,27,11,0.2727272727272727,0.36363636363636365,4,27,0.14814814814814814,False,"ABS 2021 Census General Community Profile DataPack, SAL geography, Northern Territory"
SAL70135,Irlpme,2021,40.0388,0,0.0,0,0,0,0,0,0,0.0,0.0,0,0,,,0,0,,False,"ABS 2021 Census General Community Profile DataPack, SAL geography, Northern Territory"
SAL70136,Jabiru,2021,13.5083,755,55.89156296499189,34,1268,2329,2090,1400,65,1.0,2.3,262,234,0.13675213675213677,0.5085470085470085,94,262,0.35877862595419846,False,"ABS 2021 Census General Community Profile DataPack, SAL geography, Northern Territory"
SAL70137,Jilkminggan,2021,6.0984,263,43.12606585333858,25,248,816,1416,0,48,2.0,6.1,29,29,0.1724137931034483,0.1724137931034483,6,29,0.20689655172413793,False,"ABS 2021 Census General Community Profile DataPack, SAL geography, Northern Territory"
SAL70140,Kakadu,2021,15896.8358,315,0.019815264116900547,36,746,1542,1687,672,92,1.2,2.7,85,68,0.1323529411764706,0.38235294117647056,24,85,0.2823529411764706,False,"ABS 2021 Census General Community Profile DataPack, SAL geography, Northern Territory"
SAL70141,Kalkarindji,2021,6.2259,383,61.517210363160345,29,324,762,1262,1084,76,1.3,3.5,87,80,0.3625,0.1875,27,87,0.3103448275862069,False,"ABS 2021 Census General Community Profile DataPack, SAL geography, Northern Territory"
SAL70142,Kaltukatjara,2021,38.3124,229,5.977177101930446,34,267,556,1374,1300,65,1.3,3.6,50,47,0.2553191489361702,0.19148936170212766,11,50,0.22,False,"ABS 2021 Census General Community Profile DataPack, SAL geography, Northern Territory"
SAL70144,Katherine,2021,5.0199,1254,249.805773023367,34,1141,2508,2053,1408,360,0.9,2.3,398,352,0.23863636363636365,0.4943181818181818,129,398,0.3241206030150754,False,"ABS 2021 Census General Community Profile DataPack, SAL geography, Northern Territory"
SAL70145,Katherine East,2021,7.872,3061,388.8465447154472,30,1079,2243,2075,1517,350,0.9,2.8,946,834,0.2146282973621103,0.5227817745803357,209,946,0.22093023255813954,False,"ABS 2021 Census General Community Profile DataPack, SAL geography, Northern Territory"
SAL70146,Katherine South,2021,5.1282,1507,293.8652938652939,33,912,1974,1632,1325,320,1.1,2.5,524,477,0.28721174004192873,0.41509433962264153,167,524,0.3187022900763359,False,"ABS 2021 Census General Community Profile DataPack, SAL geography, Northern Territory"
SAL70147,Kilgariff,2021,10.1394,551,54.342466023630585,42,809,3071,2410,2487,202,0.9,2.6,116,105,0.2571428571428571,0.6190476190476191,25,116,0.21551724137931033,False,"ABS 2021 Census General Community Profile DataPack, SAL geography, Northern Territory"
SAL70148,Kintore,2021,8.2003,420,51.21763837908369,29,246,671,1430,0,100,1.5,4.6,79,62,0.4032258064516129,0.27419354838709675,17,79,0.21518987341772153,False,"ABS 2021 Census General Community Profile DataPack, SAL geography, Northern Territory"
SAL70150,Koolpinyah,2021,781.8695,0,0.0,0,0,0,0,0,0,0.0,0.0,0,0,,,0,0,,False,"ABS 2021 Census General Community Profile DataPack, SAL geography, Northern Territory"
SAL70151,Kunparrka,2021,5867.3435,121,0.020622620782301225,34,225,474,725,0,62,1.9,3.9,29,19,0.631578947368421,0.0,0,29,0.0,False,"ABS 2021 Census General Community Profile DataPack, SAL geography, Northern Territory"
SAL70152,Lajamanu,2021,7255.6765,655,0.090274146042757,21,196,438,1034,0,70,1.6,4.9,115,110,0.5,0.19090909090909092,17,115,0.14782608695652175,False,"ABS 2021 Census General Community Profile DataPack, SAL geography, Northern Territory"
SAL70153,Lake Bennett,2021,164.4422,129,0.7844701664171362,56,710,2062,1125,1100,300,0.8,2.0,45,39,0.3333333333333333,0.2564102564102564,14,45,0.3111111111111111,False,"ABS 2021 Census General Community Profile DataPack, SAL geography, Northern Territory"
SAL70154,Lake Mackay,2021,77873.0893,25,0.0003210351640691876,36,574,2249,1187,0,0,1.1,2.4,10,10,0.0,0.0,4,10,0.4,False,"ABS 2021 Census General Community Profile DataPack, SAL geography, Northern Territory"
SAL70156,Lansdowne (NT),2021,206.1653,499,2.420387912029813,39,1135,2924,2675,2167,250,1.0,2.8,142,120,0.20833333333333334,0.6333333333333333,31,142,0.21830985915492956,False,"ABS 2021 Census General Community Profile DataPack, SAL geography, Northern Territory"
SAL70157,Laramba,2021,5.0806,189,37.200330669605954,29,257,469,1125,0,75,1.3,4.0,43,43,0.3953488372093023,0.18604651162790697,11,43,0.2558139534883721,False,"ABS 2021 Census General Community Profile DataPack, SAL geography, Northern Territory"
SAL70158,Larapinta (NT),2021,14.4977,2368,163.33625333673618,33,1094,2364,2078,1733,350,0.9,2.7,819,737,0.2198100407055631,0.5251017639077341,221,819,0.2698412698412698,False,"ABS 2021 Census General Community Profile DataPack, SAL geography, Northern Territory"
SAL70160,Larrimah,2021,61.19,27,0.44124857002778234,37,1093,2374,1874,300,25,0.8,2.1,9,9,0.4444444444444444,0.5555555555555556,4,9,0.4444444444444444,False,"ABS 2021 Census General Community Profile DataPack, SAL geography, Northern Territory"
SAL70163,Limmen,2021,14960.8573,203,0.013568741144265845,31,249,762,900,0,25,1.3,2.7,15,15,0.7333333333333333,0.26666666666666666,4,15,0.26666666666666666,False,"ABS 2021 Census General Community Profile DataPack, SAL geography, Northern Territory"
SAL70164,Litchfield Park,2021,1462.2084,34,0.02325249943852053,38,1125,2333,1875,1500,70,1.7,2.2,14,11,0.0,0.0,7,14,0.5,False,"ABS 2021 Census General Community Profile DataPack, SAL geography, Northern Territory"
SAL70165,Livingstone,2021,50.4952,443,8.773111107590426,40,927,2250,1875,2167,350,1.0,2.8,126,101,0.3465346534653465,0.45544554455445546,25,126,0.1984126984126984,False,"ABS 2021 Census General Community Profile DataPack, SAL geography, Northern Territory"
SAL70166,Lloyd Creek,2021,50.7826,225,4.430651443604699,33,1353,2928,2833,2392,470,1.1,3.2,59,50,0.06,0.72,0,59,0.0,False,"ABS 2021 Census General Community Profile DataPack, SAL geography, Northern Territory"
SAL70170,Manbulloo,2021,4228.5859,14,0.0033107994802706975,49,1375,3249,1824,0,250,1.3,2.4,3,3,0.0,0.0,0,3,0.0,False,"ABS 2021 Census General Community Profile DataPack, SAL geography, Northern Territory"
SAL70171,Mandorah,2021,1.179,0,0.0,0,0,0,0,0,0,0.0,0.0,0,0,,,0,0,,False,"ABS 2021 Census General Community Profile DataPack, SAL geography, Northern Territory"
SAL70172,Maningrida,2021,11.0551,2518,227.76817939231668,27,256,670,1449,0,90,2.0,5.2,394,337,0.29376854599406527,0.27299703264094954,40,394,0.10152284263959391,False,"ABS 2021 Census General Community Profile DataPack, SAL geography, Northern Territory"
SAL70173,Manton (NT),2021,83.7083,87,1.03932346015867,37,364,850,966,2384,50,1.2,3.3,21,21,0.42857142857142855,0.0,5,21,0.23809523809523808,False,"ABS 2021 Census General Community Profile DataPack, SAL geography, Northern Territory"
SAL70174,Maranunga,2021,5.2314,0,0.0,0,0,0,0,0,0,0.0,0.0,0,0,,,0,0,,False,"ABS 2021 Census General Community Profile DataPack, SAL geography, Northern Territory"
SAL70175,Margaret River (NT),2021,1090.7966,14,0.012834656800360398,25,225,0,900,0,0,1.5,4.3,0,0,,,0,0,,False,"ABS 2021 Census General Community Profile DataPack, SAL geography, Northern Territory"
SAL70177,Marrakai,2021,2206.9157,564,0.2555602826152354,44,669,1517,1342,1500,190,1.1,2.6,183,150,0.37333333333333335,0.2733333333333333,51,183,0.2786885245901639,False,"ABS 2021 Census General Community Profile DataPack, SAL geography, Northern Territory"
SAL70179,Mataranka,2021,231.7036,384,1.6572897443112666,38,700,1562,1843,1506,100,1.5,2.6,98,94,0.1595744680851064,0.3404255319148936,32,98,0.32653061224489793,False,"ABS 2021 Census General Community Profile DataPack, SAL geography, Northern Territory"
SAL70180,McArthur,2021,30843.9603,392,0.012709133204272735,39,591,942,844,0,34,1.6,2.5,75,69,0.6086956521739131,0.17391304347826086,22,75,0.29333333333333333,False,"ABS 2021 Census General Community Profile DataPack, SAL geography, Northern Territory"
SAL70182,Mereenie,2021,4951.9531,4,0.0008077620929002741,37,1437,0,0,0,0,0.0,0.0,0,0,,,0,0,,False,"ABS 2021 Census General Community Profile DataPack, SAL geography, Northern Territory"
SAL70183,Micket Creek,2021,13.2211,0,0.0,63,900,1375,1374,0,0,0.8,1.5,3,3,0.0,0.0,0,3,0.0,False,"ABS 2021 Census General Community Profile DataPack, SAL geography, Northern Territory"
SAL70184,Middle Point,2021,111.8391,55,0.491777920244351,35,1291,2749,3125,500,200,1.0,3.1,14,14,0.0,0.5714285714285714,5,14,0.35714285714285715,False,"ABS 2021 Census General Community Profile DataPack, SAL geography, Northern Territory"
SAL79797,Migratory - Offshore - Shipping (NT),2021,0.0,99,,40,1478,0,4150,0,0,0.7,2.3,3,3,0.0,0.0,4,3,1.3333333333333333,False,"ABS 2021 Census General Community Profile DataPack, SAL geography, Northern Territory"
SAL70185,Milikapiti,2021,11.4786,414,36.06711619883958,29,255,655,793,0,70,1.3,3.4,111,92,0.6086956521739131,0.06521739130434782,24,111,0.21621621621621623,False,"ABS 2021 Census General Community Profile DataPack, SAL geography, Northern Territory"
SAL70186,Milingimbi,2021,4.4443,1097,246.83302207321736,27,233,690,1410,0,45,2.1,5.7,146,122,0.28688524590163933,0.1885245901639344,11,146,0.07534246575342465,False,"ABS 2021 Census General Community Profile DataPack, SAL geography, Northern Territory"
SAL70188,Milyakburra,2021,5.176,106,20.479134466769704,33,241,525,575,0,60,1.0,3.1,35,32,0.65625,0.0,6,35,0.17142857142857143,False,"ABS 2021 Census General Community Profile DataPack, SAL geography, Northern Territory"
SAL70189,Miniyeri,2021,2.9072,650,223.58282883874517,22,237,728,1812,0,70,2.3,6.1,69,62,0.25806451612903225,0.4032258064516129,4,69,0.057971014492753624,False,"ABS 2021 Census General Community Profile DataPack, SAL geography, Northern Territory"
SAL70190,Minjilang,2021,11.4327,265,23.17912654053723,26,283,900,1392,303,70,1.7,4.4,55,42,0.2619047619047619,0.23809523809523808,6,55,0.10909090909090909,False,"ABS 2021 Census General Community Profile DataPack, SAL geography, Northern Territory"
SAL70191,Mitchell (NT),2021,7.8441,0,0.0,0,0,0,0,0,0,0.0,0.0,0,0,,,0,0,,False,"ABS 2021 Census General Community Profile DataPack, SAL geography, Northern Territory"
SAL70194,Mount Bundey,2021,2505.6169,16,0.006385652970332376,62,649,725,725,0,0,1.3,1.6,4,4,0.0,0.0,0,4,0.0,False,"ABS 2021 Census General Community Profile DataPack, SAL geography, Northern Territory"
SAL70195,Mount Johns,2021,14.8267,541,36.48822731963282,35,1550,3428,2269,2167,345,0.9,2.2,221,191,0.08900523560209424,0.5340314136125655,93,221,0.42081447963800905,False,"ABS 2021 Census General Community Profile DataPack, SAL geography, Northern Territory"
SAL70196,Mount Liebig,2021,6.9433,240,34.56569642677113,28,237,680,1375,0,120,1.8,5.5,31,22,0.36363636363636365,0.0,3,31,0.0967741935483871,False,"ABS 2021 Census General Community Profile DataPack, SAL geography, Northern Territory"
SAL70197,Mount Zeil,2021,6692.8324,69,0.010309536512523457,26,262,933,900,0,0,1.6,3.7,18,15,0.4,0.0,6,18,0.3333333333333333,False,"ABS 2021 Census General Community Profile DataPack, SAL geography, Northern Territory"
SAL70199,Murrumujuk,2021,67.4652,0,0.0,46,450,774,774,0,0,2.0,2.0,3,3,0.0,0.0,0,3,0.0,False,"ABS 2021 Census General Community Profile DataPack, SAL geography, Northern Territory"
SAL70200,Mutitjulu,2021,2.5165,296,117.62368368766143,30,397,939,1812,0,90,1.3,3.9,61,44,0.13636363636363635,0.1590909090909091,13,61,0.21311475409836064,False,"ABS 2021 Census General Community Profile DataPack, SAL geography, Northern Territory"
SAL70202,Namatjira,2021,4325.736,164,0.03791262342408321,29,381,900,1474,0,30,1.4,3.6,39,36,0.2222222222222222,0.25,7,39,0.1794871794871795,False,"ABS 2021 Census General Community Profile DataPack, SAL geography, Northern Territory"
SAL70203,Nauiyu,2021,42.7231,350,8.19228941720053,26,301,974,1775,0,100,1.7,4.2,72,67,0.3283582089552239,0.4626865671641791,12,72,0.16666666666666666,False,"ABS 2021 Census General Community Profile DataPack, SAL geography, Northern Territory"
SAL70204,Nemarluk,2021,13838.0918,305,0.02204061111951866,26,249,756,1031,0,50,2.0,4.7,43,36,0.2222222222222222,0.25,7,43,0.16279069767441862,False,"ABS 2021 Census General Community Profile DataPack, SAL geography, Northern Territory"
SAL70205,Newcastle Waters,2021,4.3571,122,28.00027541254504,25,697,604,1562,0,25,1.2,4.1,16,16,0.0,0.0,4,16,0.25,False,"ABS 2021 Census General Community Profile DataPack, SAL geography, Northern Territory"
SAL70206,Nganmarriyanga,2021,46.3918,364,7.8462142016477046,22,212,466,819,0,50,2.1,5.9,52,38,0.6052631578947368,0.0,0,52,0.0,False,"ABS 2021 Census General Community Profile DataPack, SAL geography, Northern Territory"
SAL70207,Ngukurr,2021,12.0357,1088,90.39773340977258,25,230,521,1260,0,90,1.9,5.5,167,159,0.34591194968553457,0.22641509433962265,17,167,0.10179640718562874,False,"ABS 2021 Census General Community Profile DataPack, SAL geography, Northern Territory"
SAL70208,Nhulunbuy,2021,65.5553,3350,51.10189412602795,33,1465,3150,2777,1741,120,1.0,2.8,853,752,0.0625,0.7207446808510638,188,853,0.22039859320046892,False,"ABS 2021 Census General Community Profile DataPack, SAL geography, Northern Territory"
SAL70209,Nicholson (NT),2021,26670.808,57,0.0021371680977944124,23,968,2250,1687,0,0,0.7,2.0,13,13,0.0,0.38461538461538464,0,13,0.0,False,"ABS 2021 Census General Community Profile DataPack, SAL geography, Northern Territory"
SAL70211,Nitmiluk,2021,6557.0999,212,0.03233136649328768,27,332,780,1261,2167,69,1.5,3.4,56,53,0.2830188679245283,0.22641509433962265,18,56,0.32142857142857145,False,"ABS 2021 Census General Community Profile DataPack, SAL geography, Northern Territory"
SAL79494,No usual address (NT),2021,0.0,3500,,0,0,0,0,0,0,0.0,0.0,0,0,,,0,0,,False,"ABS 2021 Census General Community Profile DataPack, SAL geography, Northern Territory"
SAL70213,Numbulwar,2021,5.2003,681,130.95398342403323,30,249,722,1257,0,75,1.6,4.5,137,137,0.44525547445255476,0.12408759124087591,17,137,0.12408759124087591,False,"ABS 2021 Census General Community Profile DataPack, SAL geography, Northern Territory"
SAL70214,Numburindi,2021,4413.347,36,0.008157074438062541,35,449,725,537,0,25,1.2,2.2,4,4,1.75,0.0,3,4,0.75,False,"ABS 2021 Census General Community Profile DataPack, SAL geography, Northern Territory"
SAL70215,Nyirripi,2021,8.2144,251,30.556096610829766,28,243,492,875,0,82,1.3,4.0,61,58,0.5344827586206896,0.06896551724137931,5,61,0.08196721311475409,False,"ABS 2021 Census General Community Profile DataPack, SAL geography, Northern Territory"
SAL70216,Palmerston City,2021,0.6091,194,318.5027089147923,28,1161,1674,1478,0,259,1.1,2.0,65,61,0.0,0.3114754098360656,27,65,0.4153846153846154,False,"ABS 2021 Census General Community Profile DataPack, SAL geography, Northern Territory"
SAL70217,Pamayu,2021,33921.2378,40,0.0011792022518706555,23,1265,3499,2750,0,84,0.9,3.2,10,10,0.0,0.0,0,10,0.0,False,"ABS 2021 Census General Community Profile DataPack, SAL geography, Northern Territory"
SAL70218,Papunya,2021,4.739,438,92.42456214391223,27,240,519,1520,0,83,1.5,4.6,71,57,0.2982456140350877,0.2807017543859649,19,71,0.2676056338028169,False,"ABS 2021 Census General Community Profile DataPack, SAL geography, Northern Territory"
SAL70220,Pellew Islands,2021,661.978,3,0.004531872660420739,40,599,1125,1125,0,110,0.7,3.0,0,0,,,0,0,,False,"ABS 2021 Census General Community Profile DataPack, SAL geography, Northern Territory"
SAL70221,Peppimenarti,2021,5.6576,190,33.58314479638009,25,144,445,833,0,70,1.4,4.2,37,34,0.4411764705882353,0.08823529411764706,7,37,0.1891891891891892,False,"ABS 2021 Census General Community Profile DataPack, SAL geography, Northern Territory"
SAL70222,Petermann,2021,69668.3334,138,0.0019808138542323733,34,877,900,1312,758,20,1.3,2.4,27,27,0.0,0.1111111111111111,8,27,0.2962962962962963,False,"ABS 2021 Census General Community Profile DataPack, SAL geography, Northern Territory"
SAL70223,Pigeon Hole,2021,37.3093,121,3.2431592123143558,23,267,575,1124,0,90,1.7,4.9,22,22,0.3181818181818182,0.13636363636363635,6,22,0.2727272727272727,False,"ABS 2021 Census General Community Profile DataPack, SAL geography, Northern Territory"
SAL70224,Pine Creek (NT),2021,402.0523,318,0.7909418749749721,36,459,1375,1125,1083,120,1.0,2.5,91,79,0.43037974683544306,0.3291139240506329,35,91,0.38461538461538464,False,"ABS 2021 Census General Community Profile DataPack, SAL geography, Northern Territory"
SAL70225,Pinelands (NT),2021,3.6419,19,5.217057030670803,58,575,1062,1187,3000,275,0.8,1.9,10,10,0.0,0.0,3,10,0.3,False,"ABS 2021 Census General Community Profile DataPack, SAL geography, Northern Territory"
SAL70226,Pirlangimpi,2021,11.8509,317,26.749023280932253,32,255,487,596,0,80,1.2,3.1,93,86,0.5813953488372093,0.1511627906976744,21,93,0.22580645161290322,False,"ABS 2021 Census General Community Profile DataPack, SAL geography, Northern Territory"
SAL70227,Point Stuart,2021,2165.6919,35,0.016161116916030394,45,1104,1937,1374,0,200,0.9,1.8,11,11,0.2727272727272727,0.0,6,11,0.5454545454545454,False,"ABS 2021 Census General Community Profile DataPack, SAL geography, Northern Territory"
SAL70228,Rakula,2021,2844.9865,59,0.020738235488990897,44,708,2125,1874,0,80,1.2,2.7,21,21,0.0,0.0,4,21,0.19047619047619047,False,"ABS 2021 Census General Community Profile DataPack, SAL geography, Northern Territory"
SAL70229,Ramingining,2021,28.3634,814,28.69895710669384,29,217,493,1166,0,40,1.6,5.0,126,114,0.4473684210526316,0.2631578947368421,22,126,0.1746031746031746,False,"ABS 2021 Census General Community Profile DataPack, SAL geography, Northern Territory"
SAL70230,Ranken,2021,19843.4649,51,0.0025701156656365996,27,963,2624,2124,0,143,1.3,2.9,13,9,0.0,0.7777777777777778,7,13,0.5384615384615384,False,"ABS 2021 Census General Community Profile DataPack, SAL geography, Northern Territory"
SAL70232,Robin Falls,2021,549.4917,46,0.08371373034387962,61,537,1187,850,2384,0,1.2,1.9,15,9,0.0,0.0,3,15,0.2,False,"ABS 2021 Census General Community Profile DataPack, SAL geography, Northern Territory"
SAL70233,Robinson River,2021,1.1406,180,157.81167806417673,25,319,774,1319,0,95,1.7,4.2,42,42,0.38095238095238093,0.2857142857142857,6,42,0.14285714285714285,False,"ABS 2021 Census General Community Profile DataPack, SAL geography, Northern Territory"
SAL70235,Ross (NT),2021,18.649,806,43.21947557509786,39,1102,2428,1881,2167,300,1.1,2.3,305,289,0.2560553633217993,0.48788927335640137,102,305,0.3344262295081967,False,"ABS 2021 Census General Community Profile DataPack, SAL geography, Northern Territory"
SAL70236,Rum Jungle,2021,137.564,88,0.6397022476810794,55,509,1024,624,1015,0,1.1,2.1,26,22,0.5,0.0,11,26,0.4230769230769231,False,"ABS 2021 Census General Community Profile DataPack, SAL geography, Northern Territory"
SAL70237,Sadadeen,2021,4.6528,2307,495.83046767537826,32,984,2133,1805,1733,320,1.0,2.6,817,735,0.22585034013605443,0.45170068027210886,247,817,0.3023255813953488,False,"ABS 2021 Census General Community Profile DataPack, SAL geography, Northern Territory"
SAL70238,Sandover,2021,18880.2795,569,0.030137265711558982,28,389,890,1348,0,50,1.9,4.2,109,77,0.3116883116883117,0.16883116883116883,22,109,0.2018348623853211,False,"ABS 2021 Census General Community Profile DataPack, SAL geography, Northern Territory"
SAL70239,Santa Teresa,2021,1247.1447,609,0.488315429636994,25,275,721,1178,0,85,1.6,4.4,121,115,0.45217391304347826,0.16521739130434782,25,121,0.2066115702479339,False,"ABS 2021 Census General Community Profile DataPack, SAL geography, Northern Territory"
SAL70240,Shoal Bay (NT),2021,205.7172,0,0.0,23,1375,0,1375,0,130,1.0,1.0,0,0,,,0,0,,False,"ABS 2021 Census General Community Profile DataPack, SAL geography, Northern Territory"
SAL70241,Simpson (NT),2021,50096.6088,0,0.0,0,0,0,0,0,0,0.0,0.0,0,0,,,0,0,,False,"ABS 2021 Census General Community Profile DataPack, SAL geography, Northern Territory"
SAL70242,Southport (NT),2021,4.9274,215,43.63355928075659,43,1007,2166,1699,1580,335,1.0,2.2,71,62,0.27419354838709675,0.4032258064516129,28,71,0.39436619718309857,False,"ABS 2021 Census General Community Profile DataPack, SAL geography, Northern Territory"
SAL70243,Stapleton,2021,103.6685,63,0.6077062945832148,55,662,1625,1312,1600,577,1.0,2.5,20,16,0.3125,0.0,5,20,0.25,False,"ABS 2021 Census General Community Profile DataPack, SAL geography, Northern Territory"
SAL70244,Stuart (NT),2021,8.2291,459,55.77766705958124,28,764,2083,2025,2056,150,1.0,2.6,138,128,0.3203125,0.484375,37,138,0.26811594202898553,False,"ABS 2021 Census General Community Profile DataPack, SAL geography, Northern Territory"
SAL70246,Sturt Plateau,2021,12418.4871,37,0.002979428951534684,53,900,1875,1874,0,0,0.9,2.5,16,16,0.375,0.375,0,16,0.0,False,"ABS 2021 Census General Community Profile DataPack, SAL geography, Northern Territory"
SAL70247,Tablelands (NT),2021,33393.5546,188,0.0056298289371087195,31,1234,1874,1583,0,250,1.0,2.1,48,44,0.25,0.5,18,48,0.375,False,"ABS 2021 Census General Community Profile DataPack, SAL geography, Northern Territory"
SAL70248,Tanami (NT),2021,70420.7852,144,0.002044850814869926,42,2172,0,1250,0,0,0.8,2.0,0,0,,,0,0,,False,"ABS 2021 Census General Community Profile DataPack, SAL geography, Northern Territory"
SAL70249,Tanami East,2021,52842.4133,13,0.0002460145021423539,36,1042,1499,450,0,75,1.0,1.7,3,3,0.0,0.0,0,3,0.0,False,"ABS 2021 Census General Community Profile DataPack, SAL geography, Northern Territory"
SAL70250,Tara (NT),2021,6.6182,62,9.368106131576562,21,369,871,900,0,70,1.3,4.0,16,16,0.25,0.0,0,16,0.0,False,"ABS 2021 Census General Community Profile DataPack, SAL geography, Northern Territory"
SAL70251,Tennant Creek,2021,42.0605,3080,73.2278503584123,33,671,1433,1677,1114,180,1.0,2.7,943,821,0.2911084043848965,0.4043848964677223,331,943,0.35100742311770944,False,"ABS 2021 Census General Community Profile DataPack, SAL geography, Northern Territory"
SAL70252,Thamarrurr,2021,3352.8699,188,0.05607136739782238,21,234,700,860,0,30,1.9,4.9,36,36,0.3888888888888889,0.08333333333333333,0,36,0.0,False,"ABS 2021 Census General Community Profile DataPack, SAL geography, Northern Territory"
SAL70253,The Gap (NT),2021,1.649,1945,1179.5027289266222,34,1189,2379,1953,1509,350,1.1,2.3,694,645,0.19534883720930232,0.5007751937984496,258,694,0.37175792507204614,False,"ABS 2021 Census General Community Profile DataPack, SAL geography, Northern Territory"
SAL70256,Ti Tree,2021,64.7328,88,1.3594344752582925,36,933,2062,1875,0,25,1.0,2.5,19,19,0.0,0.3684210526315789,9,19,0.47368421052631576,False,"ABS 2021 Census General Community Profile DataPack, SAL geography, Northern Territory"
SAL70257,Timber Creek,2021,159.6701,278,1.7410899097576817,33,719,1958,2055,1300,90,1.3,3.3,50,37,0.16216216216216217,0.5675675675675675,17,50,0.34,False,"ABS 2021 Census General Community Profile DataPack, SAL geography, Northern Territory"
SAL70258,Tindal,2021,106.2851,850,7.99735804924679,29,1513,2929,2865,0,260,0.9,3.1,200,172,0.01744186046511628,0.8313953488372093,18,200,0.09,False,"ABS 2021 Census General Community Profile DataPack, SAL geography, Northern Territory"
SAL70259,Tipperary (NT),2021,7122.4661,54,0.007581643666931598,27,1100,2700,2374,0,0,1.0,2.5,18,15,0.2,0.4666666666666667,5,18,0.2777777777777778,False,"ABS 2021 Census General Community Profile DataPack, SAL geography, Northern Territory"
SAL70260,Titjikala,2021,3.8542,196,50.85361423901199,26,273,706,1053,0,93,1.5,3.9,48,45,0.3333333333333333,0.08888888888888889,9,48,0.1875,False,"ABS 2021 Census General Community Profile DataPack, SAL geography, Northern Territory"
SAL70261,Tivendale,2021,3.6779,0,0.0,68,1375,0,0,0,0,0.0,0.0,0,0,,,0,0,,False,"ABS 2021 Census General Community Profile DataPack, SAL geography, Northern Territory"
SAL70263,Tiwi Islands,2021,7449.7682,194,0.026041078700945353,17,281,1624,1625,2167,40,1.3,3.2,36,36,0.25,0.3055555555555556,8,36,0.2222222222222222,False,"ABS 2021 Census General Community Profile DataPack, SAL geography, Northern Territory"
SAL70264,Top Springs,2021,2.7914,11,3.9406749301425807,48,1125,0,575,0,145,1.0,1.0,0,0,,,0,0,,False,"ABS 2021 Census General Community Profile DataPack, SAL geography, Northern Territory"
SAL70265,Tortilla Flats,2021,62.1083,37,0.5957335815019893,38,1062,1375,1187,2167,0,0.7,1.9,9,9,0.0,0.0,4,9,0.4444444444444444,False,"ABS 2021 Census General Community Profile DataPack, SAL geography, Northern Territory"
SAL70266,Tumbling Waters,2021,63.8248,254,3.979644276206114,37,858,2023,1800,2000,350,1.0,2.7,80,69,0.3333333333333333,0.4057971014492754,17,80,0.2125,False,"ABS 2021 Census General Community Profile DataPack, SAL geography, Northern Territory"
SAL70267,Umbakumba,2021,6.871,419,60.980934361810505,29,133,374,436,0,125,1.4,4.0,98,89,0.6067415730337079,0.0449438202247191,11,98,0.11224489795918367,False,"ABS 2021 Census General Community Profile DataPack, SAL geography, Northern Territory"
SAL70268,Undoolya,2021,17.2863,11,0.6363420743594639,50,237,575,450,0,20,1.5,2.0,3,3,0.0,0.0,0,3,0.0,False,"ABS 2021 Census General Community Profile DataPack, SAL geography, Northern Territory"
SAL70269,Uralla (NT),2021,22.9829,194,8.441058352079153,42,1323,2687,2650,2167,300,1.0,2.9,53,41,0.0,0.926829268292683,9,53,0.16981132075471697,False,"ABS 2021 Census General Community Profile DataPack, SAL geography, Northern Territory"
SAL70270,Van Diemen Gulf,2021,1.7866,0,0.0,0,0,0,0,0,0,0.0,0.0,0,0,,,0,0,,False,"ABS 2021 Census General Community Profile DataPack, SAL geography, Northern Territory"
SAL70271,Venn,2021,590.6371,189,0.31999344436710797,35,906,2457,2125,1018,398,1.1,2.5,35,35,0.08571428571428572,0.6,10,35,0.2857142857142857,False,"ABS 2021 Census General Community Profile DataPack, SAL geography, Northern Territory"
SAL70272,Vernon Islands,2021,53.2632,0,0.0,0,0,0,0,0,0,0.0,0.0,0,0,,,0,0,,False,"ABS 2021 Census General Community Profile DataPack, SAL geography, Northern Territory"
SAL70273,Victoria River,2021,27278.1315,126,0.0046190847052702275,24,955,2166,1625,0,35,1.3,3.5,19,15,0.0,0.0,4,19,0.21052631578947367,False,"ABS 2021 Census General Community Profile DataPack, SAL geography, Northern Territory"
SAL70275,Wadeye,2021,20.8379,1924,92.33176087801553,27,181,439,767,0,50,1.8,4.8,339,272,0.5588235294117647,0.2426470588235294,40,339,0.11799410029498525,False,"ABS 2021 Census General Community Profile DataPack, SAL geography, Northern Territory"
SAL70276,Wagait Beach,2021,5.0383,422,83.75841057499554,52,826,1768,1355,1597,250,1.0,2.1,175,146,0.4315068493150685,0.2876712328767123,52,175,0.29714285714285715,False,"ABS 2021 Census General Community Profile DataPack, SAL geography, Northern Territory"
SAL70278,Wak Wak,2021,144.6261,0,0.0,75,575,0,575,0,0,1.0,1.0,0,0,,,0,0,,False,"ABS 2021 Census General Community Profile DataPack, SAL geography, Northern Territory"
SAL70279,Wallace Rockhole,2021,4.2355,87,20.540668161964348,28,407,875,849,0,40,1.1,2.9,27,27,0.6296296296296297,0.0,10,27,0.37037037037037035,False,"ABS 2021 Census General Community Profile DataPack, SAL geography, Northern Territory"
SAL70281,Warruwi,2021,15.8586,432,27.240740040104424,25,276,793,1420,0,105,1.5,4.5,85,79,0.27848101265822783,0.27848101265822783,9,85,0.10588235294117647,False,"ABS 2021 Census General Community Profile DataPack, SAL geography, Northern Territory"
SAL70282,Warumungu,2021,39870.7536,146,0.003661831964971939,28,404,912,982,0,60,1.4,3.8,33,29,0.5517241379310345,0.0,10,33,0.30303030303030304,False,"ABS 2021 Census General Community Profile DataPack, SAL geography, Northern Territory"
SAL70283,Weddell,2021,143.7248,61,0.42442222914904043,43,825,1875,1562,2600,275,0.8,2.5,25,25,0.16,0.36,6,25,0.24,False,"ABS 2021 Census General Community Profile DataPack, SAL geography, Northern Territory"
SAL70284,West Arnhem,2021,30874.9808,785,0.025425117025497875,27,234,633,1174,0,30,2.2,5.6,105,85,0.38823529411764707,0.18823529411764706,9,105,0.08571428571428572,False,"ABS 2021 Census General Community Profile DataPack, SAL geography, Northern Territory"
SAL70285,White Gums,2021,23.7452,182,7.664706972356518,47,1068,2600,2125,2240,265,1.2,2.6,59,50,0.18,0.36,20,59,0.3389830508474576,False,"ABS 2021 Census General Community Profile DataPack, SAL geography, Northern Territory"
SAL70286,Wickham (NT),2021,68.8761,10,0.14518824381752163,48,2167,0,75,0,0,0.0,1.0,0,0,,,0,0,,False,"ABS 2021 Census General Community Profile DataPack, SAL geography, Northern Territory"
SAL70287,Willowra,2021,13.7451,222,16.15121024947072,25,281,754,1166,498,75,1.7,4.9,37,31,0.2903225806451613,0.12903225806451613,6,37,0.16216216216216217,False,"ABS 2021 Census General Community Profile DataPack, SAL geography, Northern Territory"
SAL70288,Wilora,2021,2.667,59,22.122234720659918,37,274,537,749,0,75,1.3,3.6,15,15,0.7333333333333333,0.0,3,15,0.2,False,"ABS 2021 Census General Community Profile DataPack, SAL geography, Northern Territory"
SAL70289,Wilton (NT),2021,8387.4745,118,0.014068597168313298,22,248,593,1166,0,73,1.7,5.1,21,18,0.3333333333333333,0.0,0,21,0.0,False,"ABS 2021 Census General Community Profile DataPack, SAL geography, Northern Territory"
SAL70290,Winnellie,2021,4.4098,197,44.67322781078507,52,794,2194,1016,1733,270,1.2,1.6,88,82,0.5853658536585366,0.25609756097560976,50,88,0.5681818181818182,False,"ABS 2021 Census General Community Profile DataPack, SAL geography, Northern Territory"
SAL70291,Wishart (NT),2021,2.1627,0,0.0,43,75,0,75,0,0,1.0,1.0,0,0,,,0,0,,False,"ABS 2021 Census General Community Profile DataPack, SAL geography, Northern Territory"
SAL70295,Wurrumiyanga,2021,10.0684,1421,141.13463906876962,32,227,497,715,607,80,1.3,3.5,362,331,0.6404833836858006,0.12084592145015106,63,362,0.17403314917127072,False,"ABS 2021 Census General Community Profile DataPack, SAL geography, Northern Territory"
SAL70296,Wutunugurra,2021,0.9976,143,143.3440256615878,29,362,825,1187,0,60,1.3,3.9,35,31,0.3548387096774194,0.0,9,35,0.2571428571428571,False,"ABS 2021 Census General Community Profile DataPack, SAL geography, Northern Territory"
SAL70297,Yarralin,2021,150.6986,283,1.8779205646236925,24,301,725,1321,0,113,1.5,4.5,56,42,0.2619047619047619,0.30952380952380953,13,56,0.23214285714285715,False,"ABS 2021 Census General Community Profile DataPack, SAL geography, Northern Territory"
SAL70298,Yarrawonga (NT),2021,1.4366,49,34.10831129054712,59,695,1437,780,272,285,1.2,1.7,17,17,0.17647058823529413,0.0,6,17,0.35294117647058826,False,"ABS 2021 Census General Community Profile DataPack, SAL geography, Northern Territory"
SAL70299,Yirrkala,2021,8.2983,657,79.17284263041829,32,338,952,1679,0,83,1.4,4.0,142,129,0.27906976744186046,0.4418604651162791,25,142,0.176056338028169,False,"ABS 2021 Census General Community Profile DataPack, SAL geography, Northern Territory"
SAL70300,Yuelamu,2021,26.6195,149,5.597400401960969,27,254,710,866,0,75,1.5,4.4,35,32,0.59375,0.0,4,35,0.11428571428571428,False,"ABS 2021 Census General Community Profile DataPack, SAL geography, Northern Territory"
SAL70301,Yuendumu,2021,10.3293,740,71.64086627361002,28,276,725,1322,173,90,1.4,3.9,160,149,0.37583892617449666,0.2080536912751678,34,160,0.2125,False,"ABS 2021 Census General Community Profile DataPack, SAL geography, Northern Territory"
SAL70302,Yulara,2021,103.1173,853,8.272132804097858,30,1019,2308,1267,520,134,1.2,1.5,412,397,0.28967254408060455,0.24181360201511334,269,412,0.6529126213592233,False,"ABS 2021 Census General Community Profile DataPack, SAL geography, Northern Territory"
