,Gross operating surplus ;  Dwellings owned by persons ;,Gross mixed income ;,Compensation of employees ;,Total property income receivable ;,Total primary income receivable ;,Secondary income receivable - Social benefits receivable - Workers' compensation ;,Secondary income receivable - Social benefits receivable - Social assistance benefits ;,Secondary income receivable - Current transfers to non-profit institutions ;,Other secondary income ;,Total secondary income receivable ;,TOTAL GROSS INCOME ;,Property income payable - Interest - Dwellings ;,Property income payable - Interest - Consumer debt ;,Property income payable - Unincorporated enterprises ;,Total property income payable ;,Total primary income payable ;,Secondary income payable - Income tax ;,Secondary income payable - Social contributions for workers' compensation ;,"Secondary income payable - Other current taxes on income, wealth, etc. ;",Other secondary income ;,Total secondary income payable ;,Total income payable ;,GROSS DISPOSABLE INCOME ;,Final consumption expenditure ;,Net saving plus consumption of fixed capital ;,Total gross income per capita ;,Gross household disposable income per capita ;
Unit,$ Millions,$ Millions,$ Millions,$ Millions,$ Millions,$ Millions,$ Millions,$ Millions,$ Millions,$ Millions,$ Millions,$ Millions,$ Millions,$ Millions,$ Millions,$ Millions,$ Millions,$ Millions,$ Millions,$ Millions,$ Millions,$ Millions,$ Millions,$ Millions,$ Millions,$,$
Series Type,Original,Original,Original,Original,Original,Original,Original,Original,Original,Original,Original,Original,Original,Original,Original,Original,Original,Original,Original,Original,Original,Original,Original,Original,Original,Original,Original
Data Type,DERIVED,DERIVED,DERIVED,DERIVED,DERIVED,DERIVED,DERIVED,DERIVED,DERIVED,DERIVED,DERIVED,DERIVED,DERIVED,DERIVED,DERIVED,DERIVED,DERIVED,DERIVED,DERIVED,DERIVED,DERIVED,DERIVED,DERIVED,DERIVED,DERIVED,DERIVED,DERIVED
Frequency,Annual,Annual,Annual,Annual,Annual,Annual,Annual,Annual,Annual,Annual,Annual,Annual,Annual,Annual,Annual,Annual,Annual,Annual,Annual,Annual,Annual,Annual,Annual,Annual,Annual,Annual,Annual
Collection Month,6,6,6,6,6,6,6,6,6,6,6,6,6,6,6,6,6,6,6,6,6,6,6,6,6,6,6
Series Start,Jun-1990,Jun-1990,Jun-1990,Jun-1990,Jun-1990,Jun-1990,Jun-1990,Jun-1990,Jun-1990,Jun-1990,Jun-1990,Jun-1990,Jun-1990,Jun-1990,Jun-1990,Jun-1990,Jun-1990,Jun-1990,Jun-1990,Jun-1990,Jun-1990,Jun-1990,Jun-1990,Jun-1990,Jun-1990,Jun-1990,Jun-1990
Series End,Jun-2025,Jun-2025,Jun-2025,Jun-2025,Jun-2025,Jun-2025,Jun-2025,Jun-2025,Jun-2025,Jun-2025,Jun-2025,Jun-2025,Jun-2025,Jun-2025,Jun-2025,Jun-2025,Jun-2025,Jun-2025,Jun-2025,Jun-2025,Jun-2025,Jun-2025,Jun-2025,Jun-2025,Jun-2025,Jun-2025,Jun-2025
No. Obs,36,36,36,36,36,36,36,36,36,36,36,36,36,36,36,36,36,36,36,36,36,36,36,36,36,36,36
Series ID,A2334871X,A2335523W,A2334872A,A2334873C,A2334874F,A2334875J,A2334876K,A2334877L,A2334878R,A2334879T,A2335020V,A2334880A,A2334881C,A3344034W,A3344074R,A2334884K,A2334599X,A2334600W,A2334601X,A2334602A,A2334603C,A2334604F,A2335038T,A2335567X,A2334605J,A2335029R,A2335047V
Jun-1990,162,463,1709,344,2679,19,162,9,85,275,2954,103,65,23,190,190,429,22,2,88,541,731,2222,1586,637,18222,13710
Jun-1991,182,540,1735,334,2791,21,187,9,95,312,3103,94,59,20,172,172,465,20,2,95,582,754,2349,1908,441,18798,14232
Jun-1992,213,480,1812,281,2785,26,219,14,104,363,3148,78,46,17,141,141,443,23,5,99,570,711,2437,1988,449,18846,14590
Jun-1993,236,520,1817,243,2816,16,231,20,99,365,3182,69,34,8,112,112,448,23,5,108,583,695,2486,2150,337,18669,14590
Jun-1994,258,541,1981,265,3045,28,252,22,109,410,3455,71,29,10,111,111,483,26,7,120,636,747,2708,2324,384,19905,15602
Jun-1995,282,580,2246,341,3450,20,272,28,131,452,3902,98,34,16,148,148,529,23,2,127,681,829,3073,2553,520,22075,17387
Jun-1996,315,642,2416,380,3753,27,298,37,139,501,4254,110,37,17,163,163,576,26,4,137,743,906,3348,2713,635,23268,18313
Jun-1997,384,669,2622,362,4038,28,307,46,144,524,4561,108,36,18,162,162,662,22,7,146,837,999,3562,2770,792,24348,19013
Jun-1998,398,770,2782,335,4286,25,312,48,145,530,4816,95,31,70,196,196,730,26,10,160,925,1122,3695,3149,546,25183,19318
Jun-1999,415,971,3068,359,4813,22,314,105,163,604,5417,108,36,31,175,175,795,25,13,179,1013,1187,4229,3403,826,27865,21758
Jun-2000,445,820,3249,495,5009,31,330,130,168,659,5668,135,46,33,214,214,852,29,13,186,1080,1294,4374,3606,768,28662,22118
Jun-2001,452,937,3378,600,5367,29,369,175,173,748,6114,147,48,37,231,231,792,30,11,193,1025,1257,4858,3877,981,30564,24283
Jun-2002,482,1061,3770,624,5938,27,374,135,204,740,6678,127,45,32,204,204,824,39,13,200,1075,1280,5398,4152,1246,33099,26755
Jun-2003,531,1019,3826,690,6065,40,375,124,208,747,6812,151,56,39,246,246,792,39,17,214,1061,1307,5505,4443,1063,33801,27315
Jun-2004,609,1076,4059,693,6437,46,406,138,204,794,7231,196,69,45,310,310,882,39,14,227,1162,1472,5759,4792,967,35849,28550
Jun-2005,782,1181,4573,803,7340,58,414,152,227,852,8192,260,86,52,398,398,945,46,15,244,1250,1648,6544,5084,1459,40185,32100
Jun-2006,893,1116,5156,939,8104,34,422,190,229,876,8980,319,98,59,475,475,1001,52,16,268,1337,1813,7167,5630,1537,43301,34559
Jun-2007,961,1032,5752,1098,8844,54,432,161,253,900,9744,408,125,72,606,606,1053,49,17,309,1428,2034,7710,6088,1622,46173,36536
Jun-2008,1068,1110,6356,1327,9861,49,450,180,269,948,10809,517,156,95,768,768,1109,48,18,321,1496,2263,8546,6984,1562,49900,39451
Jun-2009,1228,1384,7003,1445,11059,44,565,213,315,1138,12197,502,144,90,736,736,1181,60,18,353,1613,2349,9848,7398,2449,54810,44254
Jun-2010,1426,1322,7608,1447,11803,77,491,235,345,1148,12951,506,139,86,731,731,1156,68,19,383,1626,2357,10594,7808,2786,56857,46509
Jun-2011,1557,1376,8171,1540,12643,79,482,267,362,1189,13832,593,158,101,853,853,1084,71,18,415,1587,2440,11392,8378,3015,60063,49467
Jun-2012,1729,1291,9129,1677,13827,84,473,304,403,1264,15091,615,156,109,880,880,1510,84,20,441,2054,2934,12157,8784,3373,64781,52187
Jun-2013,1978,1550,9679,1645,14852,85,923,210,406,1623,16475,567,139,103,809,809,1703,89,24,479,2296,3105,13370,9622,3748,69011,56006
Jun-2014,2274,1787,10242,1689,15991,93,1224,192,423,1932,17923,526,136,98,760,760,1757,92,27,505,2381,3141,14782,10178,4605,73969,61007
Jun-2015,2478,1503,11024,1807,16812,95,1277,206,457,2035,18847,525,132,97,755,755,1896,93,28,519,2536,3290,15557,10371,5186,77640,64086
Jun-2016,2556,1680,11437,1860,17534,94,1299,203,461,2057,19591,516,118,94,728,728,2028,92,29,543,2693,3421,16170,10952,5219,80261,66247
Jun-2017,2551,1873,11931,1828,18184,89,1224,223,477,2013,20198,511,104,93,708,708,2033,92,30,565,2720,3427,16770,11007,5763,82082,68154
Jun-2018,2554,1797,12507,1952,18811,94,1208,216,462,1979,20790,519,96,96,711,711,2108,95,33,564,2800,3511,17279,11108,6170,84217,69994
Jun-2019,2542,1667,11830,2034,18073,87,1230,225,485,2027,20099,525,91,101,717,717,2111,84,33,576,2805,3521,16578,10903,5675,81731,67412
Jun-2020,2526,1694,11246,1969,17436,78,1404,256,510,2248,19684,437,80,44,562,562,2056,77,32,577,2742,3304,16381,10484,5897,79948,66531
Jun-2021,2577,2046,11624,1880,18126,70,1560,211,512,2353,20479,348,76,33,457,457,2035,69,37,588,2729,3186,17293,11263,6030,82635,69780
Jun-2022,2855,2279,12362,2177,19673,82,1526,261,554,2423,22096,326,67,35,429,429,2175,86,37,647,2945,3374,18722,12142,6580,88206,74738
Jun-2023,3147,2294,12984,2433,20857,90,1442,311,532,2376,23233,594,77,68,740,740,2486,100,39,691,3316,4055,19178,13319,5859,91006,75121
Jun-2024,3349,2289,13862,2570,22069,97,1573,321,630,2621,24690,765,95,82,942,942,2759,108,40,720,3626,4568,20122,14237,5886,95307,77673
Jun-2025,3441,2598,15080,2733,23853,106,1675,295,668,2744,26597,786,99,132,1017,1017,2820,117,46,764,3746,4763,21833,14975,6858,101440,83273