Quarter ending,Index number,% change from previous year
Jun-2026,102.35,3.78
Mar-2026,101.27,3.49
Dec-2025,100.33,3.21
Sep-2025,99.66,2.47
Jun-2025,98.57,1.52
Mar-2025,97.78,1.64
Dec-2024,97.12,1.6
Sep-2024,97.19,2.14
Jun-2024,97.05,2.87
Mar-2024,96.14,2.99
Dec-2023,95.52,3.55
Sep-2023,95.05,3.89
Jun-2023,94.18,4.73
Mar-2023,93.15,5.51
Dec-2022,91.97,6.12
Sep-2022,91.16,5.99
Jun-2022,89.45,5.48
Mar-2022,87.64,4.57
Dec-2021,85.85,4.89
Sep-2021,85.17,4.7
Jun-2021,83.97,4.83
Mar-2021,83.07,1.88
Dec-2020,80.96,-0.03
Sep-2020,80.47,-0.37
Jun-2020,79.14,-1.46
Mar-2020,81.19,1.2
Dec-2019,80.99,0.37
Sep-2019,80.84,0.38
Jun-2019,80.6,0.64
Mar-2019,79.99,0.29
Dec-2018,80.62,0.94
Sep-2018,80.46,0.97
Jun-2018,79.96,0.95
Mar-2018,79.7,0.9
Dec-2017,79.68,0.82
Sep-2017,79.49,0.55
Jun-2017,79.01,0.33
Mar-2017,78.8,0.37
Dec-2016,78.86,-0.31
Sep-2016,78.94,0.02
Jun-2016,78.68,0.05
Mar-2016,78.43,-0.21
Dec-2015,79.17,0.35
Sep-2015,78.92,0.24
Jun-2015,78.63,0.13
Mar-2015,78.64,0.65
Dec-2014,78.82,1.44
Sep-2014,78.68,2.08
Jun-2014,78.5,2.56
Mar-2014,77.99,2.68
Dec-2013,77.38,3.32
Sep-2013,76.6,2.5
Jun-2013,75.94,2.78
Mar-2013,75.31,2.79
Dec-2012,74.06,1.78
Sep-2012,74.1,1.54
Jun-2012,73.16,1.14
Mar-2012,72.52,1.19
Dec-2011,72.28,1.74
Sep-2011,72.56,1.97
Jun-2011,72.02,2.17
Mar-2011,71.33,2.04
Dec-2010,70.54,1.62
Sep-2010,70.59,1.59
Jun-2010,69.85,2.17
Mar-2010,69.29,2.35
Dec-2009,68.92,2.01
Sep-2009,69,1.81
Jun-2009,67.68,1.65
Mar-2009,66.94,1.86
Dec-2008,66.91,2.41
Sep-2008,67.19,2.89
Jun-2008,66.03,2.5
Mar-2008,65.08,2.44
Dec-2007,64.5,1.85
Sep-2007,64.3,1.98
Jun-2007,63.53,2.26
Mar-2007,62.64,2.4
Dec-2006,62.65,2.93
Sep-2006,62.32,2.91
Jun-2006,61.27,2.49
Mar-2006,60.24,1.96
Dec-2005,59.72,1.78
Sep-2005,59.41,1.59
Jun-2005,58.78,1.44
Mar-2005,58.28,1.21
Dec-2004,57.94,1.08
Sep-2004,57.82,1.24
Jun-2004,57.34,0.69
Mar-2004,57.07,0.62
Dec-2003,56.86,0.92
Sep-2003,56.58,0.97
Jun-2003,56.65,1.21
Mar-2003,56.45,1.5
Dec-2002,55.94,1.14
Sep-2002,55.61,1.19
Jun-2002,55.44,1.17
Mar-2002,54.95,1.28
Dec-2001,54.8,1.15
Sep-2001,54.42,1.06
Jun-2001,54.27,2.66
Mar-2001,53.67,2.58
